usa,440099,11814,2023-02-10 01:27:15.799,2023-02-10
usa,441061,8909,2023-02-10 01:27:38.520,2023-02-10
usa,441070,8932,2023-02-10 01:27:37.012,2023-02-10
usa,441072,8932,2023-02-10 06:34:25.915,2023-02-10
usa,444051,9010,2023-02-10 01:29:04.897,2023-02-10
usa,446034,9985,2023-02-10 01:30:50.296,2023-02-10
usa,446103,9986,2023-02-10 01:32:32.336,2023-02-10
usa,446104,9985,2023-02-10 01:30:09.186,2023-02-10
usa,460181,9260,2023-02-10 02:49:43.121,2023-02-10
usa,460189,9260,2023-02-10 02:49:40.030,2023-02-10
usa,460191,9260,2023-02-10 02:49:41.174,2023-02-10
usa,460192,9237,2023-02-10 02:49:42.140,2023-02-10
usa,461073,8830,2023-02-10 02:45:23.928,2023-02-10
usa,461084,8830,2023-02-10 06:38:11.380,2023-02-10
usa,462049,9354,2023-02-10 07:37:11.644,2023-02-10
usa,463001,15710,2023-02-10 01:35:17.186,2023-02-10
usa,463002,15710,2023-02-10 01:35:18.876,2023-02-10
usa,463003,15709,2023-02-10 01:35:20.631,2023-02-10
usa,463004,15709,2023-02-10 01:35:05.378,2023-02-10
usa,463005,15709,2023-02-10 01:35:24.609,2023-02-10
usa,463006,15709,2023-02-10 07:05:38.064,2023-02-10
usa,463007,15709,2023-02-10 01:35:26.773,2023-02-10
usa,463008,15709,2023-02-10 01:35:28.732,2023-02-10
usa,463009,15709,2023-02-10 01:35:30.529,2023-02-10
usa,463010,15709,2023-02-10 01:35:38.934,2023-02-10
usa,463011,15709,2023-02-10 06:51:46.529,2023-02-10
usa,463012,15709,2023-02-10 01:35:34.102,2023-02-10
usa,463013,15709,2023-02-10 01:35:10.098,2023-02-10
usa,463014,15709,2023-02-10 01:35:36.488,2023-02-10
usa,463015,15709,2023-02-10 06:25:16.109,2023-02-10
usa,463016,15709,2023-02-10 01:35:43.094,2023-02-10
usa,463017,15709,2023-02-10 01:35:40.855,2023-02-10
usa,463018,14742,2023-02-10 01:36:03.994,2023-02-10
usa,463019,14742,2023-02-10 01:36:06.764,2023-02-10
usa,463020,14742,2023-02-10 07:58:26.311,2023-02-10
usa,463021,14177,2023-02-10 01:37:02.580,2023-02-10
usa,463023,14177,2023-02-10 01:37:08.385,2023-02-10
usa,463024,14742,2023-02-10 07:32:31.113,2023-02-10
usa,463025,14177,2023-02-10 01:36:59.944,2023-02-10
usa,463026,14742,2023-02-10 06:51:52.344,2023-02-10
usa,463027,14742,2023-02-10 01:36:51.015,2023-02-10
usa,463028,14742,2023-02-10 01:36:40.124,2023-02-10
usa,463029,14742,2023-02-10 01:36:14.879,2023-02-10
usa,463030,14742,2023-02-10 06:00:29.004,2023-02-10
usa,463031,14177,2023-02-10 01:37:11.342,2023-02-10
usa,463032,14742,2023-02-10 01:36:12.594,2023-02-10
usa,463033,15709,2023-02-10 01:35:12.201,2023-02-10
usa,463034,15709,2023-02-10 01:35:47.715,2023-02-10
usa,463035,14742,2023-02-10 06:51:54.842,2023-02-10
usa,463036,14742,2023-02-10 04:20:17.151,2023-02-10
usa,463037,14742,2023-02-10 01:36:17.800,2023-02-10
usa,463038,14742,2023-02-10 01:35:53.001,2023-02-10
usa,463039,14177,2023-02-10 07:44:20.979,2023-02-10
usa,463040,14177,2023-02-10 01:37:21.329,2023-02-10
usa,463042,14177,2023-02-10 01:37:25.086,2023-02-10
usa,463043,14742,2023-02-10 01:36:19.912,2023-02-10
usa,463044,14742,2023-02-10 01:36:53.560,2023-02-10
usa,463045,14742,2023-02-10 01:36:21.892,2023-02-10
usa,463046,14742,2023-02-10 07:43:46.279,2023-02-10
usa,463047,14177,2023-02-10 01:37:28.052,2023-02-10
usa,463048,14742,2023-02-10 01:36:48.897,2023-02-10
usa,463049,15709,2023-02-10 01:35:08.048,2023-02-10
usa,463051,14177,2023-02-10 01:37:32.237,2023-02-10
usa,463052,14177,2023-02-10 01:37:34.509,2023-02-10
usa,463053,14177,2023-02-10 01:37:37.244,2023-02-10
usa,463054,14742,2023-02-10 01:36:44.782,2023-02-10
usa,463056,14742,2023-02-10 01:36:24.087,2023-02-10
usa,463060,14742,2023-02-10 01:36:46.604,2023-02-10
usa,463063,15709,2023-02-10 01:35:45.579,2023-02-10
usa,463066,14742,2023-02-10 01:35:58.096,2023-02-10
usa,463068,15709,2023-02-10 01:35:14.893,2023-02-10
usa,463069,14742,2023-02-10 01:36:26.055,2023-02-10
usa,463070,14742,2023-02-10 01:36:01.730,2023-02-10
usa,463072,14742,2023-02-10 01:36:29.020,2023-02-10
usa,463073,14742,2023-02-10 01:36:55.601,2023-02-10
usa,463074,14742,2023-02-10 01:36:31.062,2023-02-10
usa,463075,14743,2023-02-10 01:36:57.921,2023-02-10
usa,463076,14742,2023-02-10 01:36:33.383,2023-02-10
usa,463079,14743,2023-02-10 01:36:35.419,2023-02-10
usa,463080,14177,2023-02-10 01:38:14.150,2023-02-10
usa,463082,14153,2023-02-10 01:38:33.042,2023-02-10
usa,463083,14176,2023-02-10 01:38:30.207,2023-02-10
usa,464098,10169,2023-02-10 00:56:22.735,2023-02-10
usa,465117,9413,2023-02-10 02:49:52.029,2023-02-10
usa,467104,10134,2023-02-10 05:33:44.242,2023-02-10
usa,467107,10134,2023-02-10 05:31:35.662,2023-02-10
usa,467108,10134,2023-02-10 05:31:37.063,2023-02-10
usa,467109,10134,2023-02-10 05:31:38.163,2023-02-10
usa,467111,10134,2023-02-10 05:33:28.582,2023-02-10
usa,467112,10134,2023-02-10 05:31:39.613,2023-02-10
usa,467114,10111,2023-02-10 06:41:15.012,2023-02-10
usa,468055,9203,2023-02-10 01:00:54.473,2023-02-10
usa,468079,9203,2023-02-10 01:02:06.841,2023-02-10
usa,468085,9204,2023-02-10 01:01:43.029,2023-02-10
usa,468097,1361,2023-02-10 01:02:02.120,2023-02-10
usa,469003,8728,2023-02-10 02:49:16.650,2023-02-10
usa,469027,8728,2023-02-10 02:49:14.633,2023-02-10
usa,471168,9720,2023-02-10 01:02:46.670,2023-02-10
usa,471170,9697,2023-02-10 01:02:43.820,2023-02-10
usa,471172,9720,2023-02-10 01:02:41.178,2023-02-10
usa,471189,9720,2023-02-10 01:02:42.476,2023-02-10
usa,471194,9697,2023-02-10 01:02:45.060,2023-02-10
usa,472116,8899,2023-02-10 01:02:59.085,2023-02-10
usa,472118,8899,2023-02-10 01:02:58.044,2023-02-10
usa,472126,8899,2023-02-10 01:02:56.959,2023-02-10
usa,473085,11932,2023-02-10 01:47:47.713,2023-02-10
usa,473115,11933,2023-02-10 01:05:50.374,2023-02-10
usa,473116,11933,2023-02-10 01:03:23.569,2023-02-10
usa,473117,11932,2023-02-10 01:05:51.689,2023-02-10
usa,473119,11933,2023-02-10 01:03:22.287,2023-02-10
usa,473127,11933,2023-02-10 01:05:55.568,2023-02-10
usa,473141,11933,2023-02-10 06:36:17.499,2023-02-10
usa,473142,11932,2023-02-10 05:12:46.393,2023-02-10
usa,473146,11932,2023-02-10 01:05:56.825,2023-02-10
usa,474145,16399,2023-02-10 07:04:24.876,2023-02-10
usa,474186,16376,2023-02-10 07:04:32.001,2023-02-10
usa,475103,12822,2023-02-10 01:09:10.787,2023-02-10
usa,475152,12822,2023-02-10 01:09:15.978,2023-02-10
usa,476115,10112,2023-02-10 01:51:36.397,2023-02-10
usa,476126,10112,2023-02-10 01:51:35.300,2023-02-10
usa,476160,10112,2023-02-10 01:51:37.654,2023-02-10
usa,476181,10112,2023-02-10 01:51:38.739,2023-02-10
usa,477057,15323,2023-02-10 02:47:43.551,2023-02-10
usa,478185,15350,2023-02-10 01:54:11.940,2023-02-10
usa,479015,19364,2023-02-10 01:13:53.066,2023-02-10
usa,479016,19364,2023-02-10 03:18:18.903,2023-02-10
usa,479037,19364,2023-02-10 03:18:43.495,2023-02-10
usa,479048,19364,2023-02-10 01:20:39.548,2023-02-10
usa,479060,3568,2023-02-10 01:15:47.833,2023-02-10
usa,479074,19364,2023-02-10 01:16:37.460,2023-02-10
usa,479152,19365,2023-02-10 03:21:26.285,2023-02-10
usa,479153,19365,2023-02-10 03:21:28.266,2023-02-10
usa,479157,19365,2023-02-10 03:21:33.757,2023-02-10
usa,479158,19365,2023-02-10 03:21:35.595,2023-02-10
usa,479163,19365,2023-02-10 03:21:43.260,2023-02-10
usa,479192,19364,2023-02-10 03:17:55.956,2023-02-10
usa,479193,19364,2023-02-10 01:20:23.180,2023-02-10
usa,480078,13328,2023-02-10 01:21:14.959,2023-02-10
usa,482040,8320,2023-02-10 01:22:15.404,2023-02-10
usa,482044,8320,2023-02-10 01:22:26.625,2023-02-10
usa,482045,10718,2023-02-10 07:56:52.564,2023-02-10
usa,482046,10719,2023-02-10 01:21:46.333,2023-02-10
usa,482047,10718,2023-02-10 01:22:09.969,2023-02-10
usa,482048,8320,2023-02-10 01:22:12.900,2023-02-10
usa,482052,10719,2023-02-10 01:21:48.763,2023-02-10
usa,482056,10718,2023-02-10 06:20:21.467,2023-02-10
usa,482057,10719,2023-02-10 01:21:52.456,2023-02-10
usa,482058,10719,2023-02-10 01:21:53.780,2023-02-10
usa,482059,8320,2023-02-10 01:22:23.715,2023-02-10
usa,482061,10718,2023-02-10 01:21:55.228,2023-02-10
usa,482063,8297,2023-02-10 01:22:42.808,2023-02-10
usa,482064,8320,2023-02-10 01:22:17.955,2023-02-10
usa,482067,15809,2023-02-10 01:21:57.063,2023-02-10
usa,482069,8320,2023-02-10 07:57:15.065,2023-02-10
usa,482075,8320,2023-02-10 01:22:38.516,2023-02-10
usa,482076,8320,2023-02-10 01:22:25.088,2023-02-10
usa,482079,15810,2023-02-10 01:21:59.920,2023-02-10
usa,482081,15809,2023-02-10 07:57:00.876,2023-02-10
usa,482084,8320,2023-02-10 01:22:34.606,2023-02-10
usa,482085,8320,2023-02-10 01:22:33.551,2023-02-10
usa,482086,8320,2023-02-10 01:22:41.165,2023-02-10
usa,482088,8320,2023-02-10 06:46:09.369,2023-02-10
usa,440002,12169,2023-02-10 01:22:55.000,2023-02-10
usa,440003,12169,2023-02-10 01:22:56.964,2023-02-10
usa,440004,12169,2023-02-10 01:22:59.187,2023-02-10
usa,440005,12169,2023-02-10 01:23:01.131,2023-02-10
usa,440006,12169,2023-02-10 01:23:04.534,2023-02-10
usa,440009,12169,2023-02-10 01:23:06.667,2023-02-10
usa,440010,12169,2023-02-10 01:23:13.427,2023-02-10
usa,440012,11815,2023-02-10 01:23:25.773,2023-02-10
usa,440013,11815,2023-02-10 01:23:27.681,2023-02-10
usa,440014,11815,2023-02-10 01:23:29.746,2023-02-10
usa,440015,11815,2023-02-10 01:23:31.645,2023-02-10
usa,440016,11815,2023-02-10 01:23:35.355,2023-02-10
usa,440017,11815,2023-02-10 01:23:37.114,2023-02-10
usa,440018,11815,2023-02-10 01:23:39.183,2023-02-10
usa,440019,11815,2023-02-10 01:23:40.801,2023-02-10
usa,440020,11815,2023-02-10 07:13:21.430,2023-02-10
usa,440021,11815,2023-02-10 01:23:44.027,2023-02-10
usa,440022,11815,2023-02-10 05:35:16.946,2023-02-10
usa,440023,11815,2023-02-10 01:23:49.779,2023-02-10
usa,440024,11815,2023-02-10 01:23:53.316,2023-02-10
usa,440025,11815,2023-02-10 01:23:55.490,2023-02-10
usa,440026,11815,2023-02-10 01:23:57.046,2023-02-10
usa,440028,11815,2023-02-10 01:24:02.331,2023-02-10
usa,440029,11815,2023-02-10 01:24:05.221,2023-02-10
usa,440030,11815,2023-02-10 01:24:09.014,2023-02-10
usa,440031,11815,2023-02-10 01:24:11.865,2023-02-10
usa,440032,11815,2023-02-10 01:24:14.934,2023-02-10
usa,440033,11815,2023-02-10 01:24:18.202,2023-02-10
usa,440034,11815,2023-02-10 01:24:24.410,2023-02-10
usa,440035,11815,2023-02-10 01:24:26.626,2023-02-10
usa,440036,11815,2023-02-10 01:24:28.165,2023-02-10
usa,440037,11815,2023-02-10 01:24:30.616,2023-02-10
usa,440038,11815,2023-02-10 01:24:32.516,2023-02-10
usa,440039,11815,2023-02-10 01:24:35.706,2023-02-10
usa,440040,11815,2023-02-10 01:24:38.869,2023-02-10
usa,440041,11815,2023-02-10 01:24:41.192,2023-02-10
usa,440042,11815,2023-02-10 01:24:45.516,2023-02-10
usa,440043,11815,2023-02-10 01:24:47.753,2023-02-10
usa,440044,11815,2023-02-10 01:24:49.461,2023-02-10
usa,440046,11815,2023-02-10 01:24:56.098,2023-02-10
usa,440047,11815,2023-02-10 06:05:30.996,2023-02-10
usa,440048,11815,2023-02-10 01:25:00.040,2023-02-10
usa,440049,11815,2023-02-10 01:25:02.199,2023-02-10
usa,440050,11815,2023-02-10 01:25:09.267,2023-02-10
usa,440051,11815,2023-02-10 01:25:12.776,2023-02-10
usa,440052,11815,2023-02-10 01:23:22.416,2023-02-10
usa,440053,11815,2023-02-10 01:25:17.967,2023-02-10
usa,440055,11815,2023-02-10 01:25:25.488,2023-02-10
usa,440056,11815,2023-02-10 01:25:28.992,2023-02-10
usa,440057,11815,2023-02-10 01:25:31.234,2023-02-10
usa,440058,11815,2023-02-10 01:25:35.929,2023-02-10
usa,440059,11815,2023-02-10 05:35:18.613,2023-02-10
usa,440061,11815,2023-02-10 01:25:43.892,2023-02-10
usa,440062,11815,2023-02-10 01:25:46.732,2023-02-10
usa,440063,11815,2023-02-10 01:25:49.039,2023-02-10
usa,440064,11815,2023-02-10 01:25:51.532,2023-02-10
usa,440065,11815,2023-02-10 01:25:54.716,2023-02-10
usa,440066,11815,2023-02-10 01:25:59.375,2023-02-10
usa,440067,11815,2023-02-10 07:38:20.374,2023-02-10
usa,440068,11815,2023-02-10 01:26:04.085,2023-02-10
usa,440069,11815,2023-02-10 01:26:06.909,2023-02-10
usa,440070,11815,2023-02-10 01:26:10.843,2023-02-10
usa,440071,11815,2023-02-10 01:26:12.837,2023-02-10
usa,440072,11815,2023-02-10 01:26:16.843,2023-02-10
usa,440073,11815,2023-02-10 01:26:19.757,2023-02-10
usa,440074,11815,2023-02-10 01:26:22.122,2023-02-10
usa,440075,11815,2023-02-10 01:26:24.010,2023-02-10
usa,440076,11815,2023-02-10 01:26:25.843,2023-02-10
usa,440077,11815,2023-02-10 01:26:28.340,2023-02-10
usa,440078,11815,2023-02-10 01:26:30.415,2023-02-10
usa,440079,11815,2023-02-10 01:26:32.068,2023-02-10
usa,440080,11815,2023-02-10 01:26:34.062,2023-02-10
usa,440081,11815,2023-02-10 01:26:36.624,2023-02-10
usa,440082,11815,2023-02-10 01:26:38.617,2023-02-10
usa,440084,11815,2023-02-10 01:26:40.673,2023-02-10
usa,440085,11815,2023-02-10 01:26:45.251,2023-02-10
usa,440087,11815,2023-02-10 01:26:50.338,2023-02-10
usa,440090,11815,2023-02-10 01:26:54.046,2023-02-10
usa,440091,11815,2023-02-10 01:26:55.779,2023-02-10
usa,440092,11815,2023-02-10 01:26:58.210,2023-02-10
usa,440095,11815,2023-02-10 01:27:06.137,2023-02-10
usa,441004,8932,2023-02-10 01:27:31.488,2023-02-10
usa,441058,8932,2023-02-10 06:34:21.830,2023-02-10
usa,441060,8932,2023-02-10 06:34:23.977,2023-02-10
usa,444002,9010,2023-02-10 01:27:47.311,2023-02-10
usa,444003,9010,2023-02-10 01:27:48.617,2023-02-10
usa,444004,9010,2023-02-10 01:27:49.677,2023-02-10
usa,444005,9010,2023-02-10 01:27:50.961,2023-02-10
usa,444006,9010,2023-02-10 01:27:52.488,2023-02-10
usa,444007,9010,2023-02-10 01:27:53.824,2023-02-10
usa,444008,9010,2023-02-10 01:27:55.032,2023-02-10
usa,444009,9010,2023-02-10 07:47:21.343,2023-02-10
usa,444010,9010,2023-02-10 01:27:57.687,2023-02-10
usa,444011,9010,2023-02-10 01:27:58.719,2023-02-10
usa,444012,9010,2023-02-10 01:27:45.972,2023-02-10
usa,444013,9010,2023-02-10 01:28:00.151,2023-02-10
usa,444014,9010,2023-02-10 01:28:01.565,2023-02-10
usa,444015,9010,2023-02-10 01:28:03.940,2023-02-10
usa,444018,9010,2023-02-10 01:28:12.116,2023-02-10
usa,444020,9010,2023-02-10 06:31:38.391,2023-02-10
usa,444021,9010,2023-02-10 01:28:18.730,2023-02-10
usa,444022,9010,2023-02-10 01:28:20.650,2023-02-10
usa,444023,9010,2023-02-10 01:28:22.955,2023-02-10
usa,444026,9011,2023-02-10 01:28:31.772,2023-02-10
usa,444027,9010,2023-02-10 07:38:35.061,2023-02-10
usa,444028,9010,2023-02-10 01:28:35.940,2023-02-10
usa,444029,9010,2023-02-10 01:28:36.998,2023-02-10
usa,444030,9010,2023-02-10 01:28:38.268,2023-02-10
usa,444031,9010,2023-02-10 01:28:39.639,2023-02-10
usa,444032,9010,2023-02-10 07:41:16.052,2023-02-10
usa,444033,9010,2023-02-10 06:31:43.811,2023-02-10
usa,444034,9010,2023-02-10 01:28:43.747,2023-02-10
usa,444035,9010,2023-02-10 01:28:45.061,2023-02-10
usa,444036,9010,2023-02-10 01:28:46.528,2023-02-10
usa,444037,9010,2023-02-10 01:28:47.875,2023-02-10
usa,444038,9010,2023-02-10 01:28:49.305,2023-02-10
usa,444039,9010,2023-02-10 01:28:50.689,2023-02-10
usa,444040,9010,2023-02-10 01:28:52.011,2023-02-10
usa,444041,9010,2023-02-10 01:28:53.467,2023-02-10
usa,444042,9010,2023-02-10 01:28:54.568,2023-02-10
usa,444043,9010,2023-02-10 01:28:55.834,2023-02-10
usa,444047,9011,2023-02-10 01:28:59.055,2023-02-10
usa,444050,9010,2023-02-10 01:29:03.197,2023-02-10
usa,444054,9010,2023-02-10 01:29:09.579,2023-02-10
usa,444055,9010,2023-02-10 01:29:10.965,2023-02-10
usa,444056,9010,2023-02-10 01:29:12.001,2023-02-10
usa,444057,9010,2023-02-10 01:29:13.280,2023-02-10
usa,444058,9010,2023-02-10 01:29:14.356,2023-02-10
usa,444059,9010,2023-02-10 01:29:15.916,2023-02-10
usa,444060,9010,2023-02-10 01:29:17.470,2023-02-10
usa,444063,9010,2023-02-10 01:29:18.475,2023-02-10
usa,444064,9010,2023-02-10 07:50:11.212,2023-02-10
usa,444065,9010,2023-02-10 01:29:21.265,2023-02-10
usa,444066,9010,2023-02-10 01:29:22.284,2023-02-10
usa,444068,9010,2023-02-10 05:54:08.984,2023-02-10
usa,444069,9010,2023-02-10 01:29:24.492,2023-02-10
usa,444070,9010,2023-02-10 01:29:25.758,2023-02-10
usa,444071,9010,2023-02-10 01:29:27.695,2023-02-10
usa,444072,9010,2023-02-10 01:29:29.003,2023-02-10
usa,444073,9010,2023-02-10 01:29:30.091,2023-02-10
usa,444074,9010,2023-02-10 01:29:31.401,2023-02-10
usa,444075,9010,2023-02-10 01:29:32.467,2023-02-10
usa,444076,9010,2023-02-10 06:31:47.943,2023-02-10
usa,444077,9010,2023-02-10 01:29:35.424,2023-02-10
usa,444078,9010,2023-02-10 01:29:36.706,2023-02-10
usa,444079,9010,2023-02-10 06:47:17.147,2023-02-10
usa,444081,9010,2023-02-10 01:29:42.830,2023-02-10
usa,444082,9010,2023-02-10 01:29:44.233,2023-02-10
usa,444083,9010,2023-02-10 01:29:45.559,2023-02-10
usa,444084,9010,2023-02-10 01:29:46.619,2023-02-10
usa,444085,9010,2023-02-10 01:29:47.931,2023-02-10
usa,444086,9010,2023-02-10 01:29:48.941,2023-02-10
usa,444088,9010,2023-02-10 01:29:50.077,2023-02-10
usa,446001,9985,2023-02-10 01:30:07.564,2023-02-10
usa,446002,9985,2023-02-10 01:30:11.991,2023-02-10
usa,446003,9985,2023-02-10 01:30:13.391,2023-02-10
usa,446005,9985,2023-02-10 01:30:15.906,2023-02-10
usa,446006,9985,2023-02-10 01:30:17.156,2023-02-10
usa,446007,9985,2023-02-10 01:30:18.272,2023-02-10
usa,446008,9985,2023-02-10 01:30:19.549,2023-02-10
usa,446009,9985,2023-02-10 07:10:26.081,2023-02-10
usa,446011,9985,2023-02-10 01:30:23.191,2023-02-10
usa,446012,9985,2023-02-10 01:30:24.537,2023-02-10
usa,446013,9985,2023-02-10 01:30:25.647,2023-02-10
usa,446014,9985,2023-02-10 01:30:26.765,2023-02-10
usa,446015,9985,2023-02-10 01:30:28.101,2023-02-10
usa,446016,9985,2023-02-10 01:30:29.255,2023-02-10
usa,446017,9985,2023-02-10 01:30:30.603,2023-02-10
usa,446018,9985,2023-02-10 01:30:31.863,2023-02-10
usa,446019,9985,2023-02-10 01:30:33.492,2023-02-10
usa,446020,9985,2023-02-10 01:30:34.634,2023-02-10
usa,446021,9985,2023-02-10 01:30:36.044,2023-02-10
usa,446022,9985,2023-02-10 01:30:37.177,2023-02-10
usa,446023,9985,2023-02-10 01:30:38.316,2023-02-10
usa,446024,9985,2023-02-10 01:30:39.714,2023-02-10
usa,446025,9985,2023-02-10 01:30:41.188,2023-02-10
usa,446026,9985,2023-02-10 01:30:42.370,2023-02-10
usa,446027,9985,2023-02-10 01:30:43.705,2023-02-10
usa,446031,9985,2023-02-10 01:30:46.259,2023-02-10
usa,446032,9985,2023-02-10 01:30:47.439,2023-02-10
usa,446033,9985,2023-02-10 01:30:48.781,2023-02-10
usa,446035,9985,2023-02-10 01:30:51.442,2023-02-10
usa,446036,9985,2023-02-10 01:30:52.783,2023-02-10
usa,446037,9985,2023-02-10 01:30:53.916,2023-02-10
usa,446038,9985,2023-02-10 01:30:55.265,2023-02-10
usa,446039,9985,2023-02-10 01:30:56.437,2023-02-10
usa,446040,9985,2023-02-10 01:30:57.820,2023-02-10
usa,446041,9985,2023-02-10 01:30:58.939,2023-02-10
usa,446042,9986,2023-02-10 01:31:00.565,2023-02-10
usa,446043,9985,2023-02-10 01:31:02.366,2023-02-10
usa,446044,9985,2023-02-10 01:31:04.060,2023-02-10
usa,446045,9985,2023-02-10 01:31:05.590,2023-02-10
usa,446046,9985,2023-02-10 01:31:07.173,2023-02-10
usa,446047,9985,2023-02-10 01:31:08.770,2023-02-10
usa,446048,9985,2023-02-10 01:31:10.355,2023-02-10
usa,446049,9985,2023-02-10 01:31:11.501,2023-02-10
usa,446050,9985,2023-02-10 01:31:12.652,2023-02-10
usa,446051,9985,2023-02-10 01:31:13.994,2023-02-10
usa,446052,9985,2023-02-10 01:31:15.463,2023-02-10
usa,446053,9985,2023-02-10 01:31:16.630,2023-02-10
usa,446054,9985,2023-02-10 01:31:18.076,2023-02-10
usa,446055,9985,2023-02-10 01:31:19.426,2023-02-10
usa,446056,9985,2023-02-10 01:31:20.595,2023-02-10
usa,446057,9985,2023-02-10 01:31:22.071,2023-02-10
usa,446058,9985,2023-02-10 01:31:23.218,2023-02-10
usa,446059,9985,2023-02-10 01:31:24.563,2023-02-10
usa,446060,9985,2023-02-10 01:31:25.744,2023-02-10
usa,446061,9985,2023-02-10 01:31:27.101,2023-02-10
usa,446062,9985,2023-02-10 01:31:28.512,2023-02-10
usa,446064,9985,2023-02-10 01:31:31.491,2023-02-10
usa,446065,9985,2023-02-10 01:31:33.607,2023-02-10
usa,446066,9985,2023-02-10 01:31:34.802,2023-02-10
usa,446067,9985,2023-02-10 01:31:36.133,2023-02-10
usa,446068,9985,2023-02-10 01:31:37.618,2023-02-10
usa,446069,9985,2023-02-10 01:31:38.785,2023-02-10
usa,446070,9985,2023-02-10 01:31:40.168,2023-02-10
usa,446071,9985,2023-02-10 01:31:41.780,2023-02-10
usa,446072,9985,2023-02-10 01:31:43.485,2023-02-10
usa,446073,9985,2023-02-10 01:31:45.000,2023-02-10
usa,446074,9985,2023-02-10 01:31:46.417,2023-02-10
usa,446075,9985,2023-02-10 01:31:48.020,2023-02-10
usa,446076,9985,2023-02-10 01:31:49.470,2023-02-10
usa,446077,9985,2023-02-10 01:31:50.930,2023-02-10
usa,446078,9985,2023-02-10 01:31:52.377,2023-02-10
usa,446079,9985,2023-02-10 01:31:53.884,2023-02-10
usa,446080,9985,2023-02-10 01:31:55.366,2023-02-10
usa,446081,9985,2023-02-10 01:31:56.525,2023-02-10
usa,446082,9985,2023-02-10 01:31:57.934,2023-02-10
usa,446083,9985,2023-02-10 01:31:59.518,2023-02-10
usa,446084,9985,2023-02-10 01:32:01.847,2023-02-10
usa,446085,9985,2023-02-10 01:32:03.448,2023-02-10
usa,446086,9985,2023-02-10 01:32:06.285,2023-02-10
usa,446087,9985,2023-02-10 01:32:08.677,2023-02-10
usa,446088,9985,2023-02-10 01:32:10.332,2023-02-10
usa,446089,9985,2023-02-10 01:32:12.857,2023-02-10
usa,446090,9985,2023-02-10 07:01:19.224,2023-02-10
usa,446091,9985,2023-02-10 01:32:16.211,2023-02-10
usa,446092,9985,2023-02-10 01:30:10.600,2023-02-10
usa,446093,9985,2023-02-10 01:32:18.679,2023-02-10
usa,446094,9985,2023-02-10 01:32:22.356,2023-02-10
usa,446095,9985,2023-02-10 01:32:24.346,2023-02-10
usa,446096,9985,2023-02-10 01:32:25.813,2023-02-10
usa,446097,9985,2023-02-10 06:58:12.772,2023-02-10
usa,446098,9985,2023-02-10 01:32:28.421,2023-02-10
usa,446101,9985,2023-02-10 07:50:17.994,2023-02-10
usa,446102,9985,2023-02-10 01:32:31.206,2023-02-10
usa,460020,9260,2023-02-10 02:49:44.152,2023-02-10
usa,463022,14177,2023-02-10 01:37:05.914,2023-02-10
usa,463041,14177,2023-02-10 07:44:26.593,2023-02-10
usa,463055,14177,2023-02-10 01:37:39.786,2023-02-10
usa,463057,14177,2023-02-10 07:10:48.743,2023-02-10
usa,463058,14177,2023-02-10 06:52:04.891,2023-02-10
usa,463059,14177,2023-02-10 01:37:48.169,2023-02-10
usa,463061,14177,2023-02-10 01:37:51.007,2023-02-10
usa,463062,14177,2023-02-10 01:37:53.784,2023-02-10
usa,463065,14177,2023-02-10 01:37:57.753,2023-02-10
usa,463067,14177,2023-02-10 01:38:00.515,2023-02-10
usa,463071,14177,2023-02-10 01:38:02.970,2023-02-10
usa,463075,11014,2021-10-18 08:26:21.431,2021-10-18
usa,463076,11014,2021-10-18 08:01:08.681,2021-10-18
usa,463077,14177,2023-02-10 01:38:06.986,2023-02-10
usa,463078,14177,2023-02-10 01:38:11.003,2023-02-10
usa,462002,9354,2023-02-10 02:53:43.306,2023-02-10
usa,462003,9354,2023-02-10 02:53:44.426,2023-02-10
usa,462004,9354,2023-02-10 02:53:45.411,2023-02-10
usa,462006,9354,2023-02-10 02:53:41.314,2023-02-10
usa,462007,9354,2023-02-10 02:53:47.343,2023-02-10
usa,462008,9354,2023-02-10 02:53:48.325,2023-02-10
usa,462010,9354,2023-02-10 02:53:49.292,2023-02-10
usa,462011,9354,2023-02-10 02:53:50.383,2023-02-10
usa,462012,9354,2023-02-10 02:53:51.345,2023-02-10
usa,462013,9354,2023-02-10 02:53:52.338,2023-02-10
usa,462014,9354,2023-02-10 02:53:53.348,2023-02-10
usa,462015,9354,2023-02-10 02:53:54.328,2023-02-10
usa,462017,9354,2023-02-10 02:53:56.407,2023-02-10
usa,462018,9354,2023-02-10 07:56:49.737,2023-02-10
usa,462020,9354,2023-02-10 02:53:59.374,2023-02-10
usa,462021,9354,2023-02-10 02:54:00.715,2023-02-10
usa,462022,9354,2023-02-10 02:54:01.752,2023-02-10
usa,462024,9354,2023-02-10 02:54:02.751,2023-02-10
usa,462025,9354,2023-02-10 02:54:04.261,2023-02-10
usa,462026,9354,2023-02-10 02:54:06.120,2023-02-10
usa,462027,9354,2023-02-10 02:54:08.546,2023-02-10
usa,462028,9354,2023-02-10 02:54:09.903,2023-02-10
usa,462029,9354,2023-02-10 05:58:18.820,2023-02-10
usa,462030,9354,2023-02-10 07:02:18.063,2023-02-10
usa,462031,9354,2023-02-10 02:54:12.925,2023-02-10
usa,462032,9354,2023-02-10 02:54:14.103,2023-02-10
usa,462033,9354,2023-02-10 02:54:15.643,2023-02-10
usa,462034,9354,2023-02-10 02:54:16.773,2023-02-10
usa,462035,9354,2023-02-10 06:28:09.036,2023-02-10
usa,462036,9354,2023-02-10 06:50:27.948,2023-02-10
usa,462037,9354,2023-02-10 02:54:22.665,2023-02-10
usa,462038,9354,2023-02-10 02:54:24.302,2023-02-10
usa,462039,9354,2023-02-10 02:54:25.422,2023-02-10
usa,462044,9354,2023-02-10 02:54:32.823,2023-02-10
usa,462047,9354,2023-02-10 02:54:35.751,2023-02-10
usa,462048,9354,2023-02-10 02:54:37.668,2023-02-10
usa,462051,9354,2023-02-10 02:53:40.290,2023-02-10
usa,462052,9354,2023-02-10 02:54:40.777,2023-02-10
usa,462053,9354,2023-02-10 02:54:42.932,2023-02-10
usa,462056,9354,2023-02-10 02:54:48.258,2023-02-10
usa,462057,9354,2023-02-10 02:54:46.325,2023-02-10
usa,462059,9354,2023-02-10 02:54:50.249,2023-02-10
usa,462060,9354,2023-02-10 02:54:51.395,2023-02-10
usa,462062,9354,2023-02-10 02:54:55.414,2023-02-10
usa,462066,9354,2023-02-10 02:54:59.054,2023-02-10
usa,462067,9354,2023-02-10 02:55:00.756,2023-02-10
usa,462068,9354,2023-02-10 02:55:17.081,2023-02-10
usa,462069,9354,2023-02-10 02:55:16.104,2023-02-10
usa,462070,9354,2023-02-10 02:55:18.110,2023-02-10
usa,462073,9354,2023-02-10 02:55:02.094,2023-02-10
usa,462074,9354,2023-02-10 02:55:04.742,2023-02-10
usa,462075,9354,2023-02-10 02:53:42.297,2023-02-10
usa,462076,9354,2023-02-10 02:55:06.869,2023-02-10
usa,462078,9354,2023-02-10 02:55:10.203,2023-02-10
usa,462079,9354,2023-02-10 02:55:11.976,2023-02-10
usa,462083,9354,2023-02-10 02:55:19.069,2023-02-10
usa,462085,9354,2023-02-10 02:55:20.055,2023-02-10
usa,462086,9355,2023-02-10 02:55:21.069,2023-02-10
usa,462088,9354,2023-02-10 02:55:22.039,2023-02-10
usa,462092,9354,2023-02-10 02:55:24.011,2023-02-10
usa,462094,9354,2023-02-10 02:55:25.986,2023-02-10
usa,462095,9354,2023-02-10 02:55:26.985,2023-02-10
usa,462096,9354,2023-02-10 02:55:27.951,2023-02-10
usa,462097,9354,2023-02-10 02:55:28.999,2023-02-10
usa,465002,9413,2023-02-10 07:24:23.925,2023-02-10
usa,465084,9413,2023-02-10 02:49:53.467,2023-02-10
usa,466002,12414,2023-02-10 07:45:50.066,2023-02-10
usa,466006,12414,2023-02-10 07:45:51.806,2023-02-10
usa,467002,10134,2023-02-10 06:53:09.802,2023-02-10
usa,467003,10134,2023-02-10 05:32:53.404,2023-02-10
usa,467004,10134,2023-02-10 05:31:55.852,2023-02-10
usa,467005,10134,2023-02-10 07:25:34.502,2023-02-10
usa,467006,10134,2023-02-10 05:33:13.214,2023-02-10
usa,467007,10134,2023-02-10 05:32:25.531,2023-02-10
usa,467008,10134,2023-02-10 06:29:06.866,2023-02-10
usa,467009,10134,2023-02-10 05:32:34.895,2023-02-10
usa,467010,10135,2023-02-10 05:32:54.618,2023-02-10
usa,467011,10134,2023-02-10 07:20:54.856,2023-02-10
usa,467012,10134,2023-02-10 05:33:14.688,2023-02-10
usa,467013,10134,2023-02-10 05:33:32.532,2023-02-10
usa,467014,10134,2023-02-10 07:01:05.454,2023-02-10
usa,467015,10134,2023-02-10 05:31:57.090,2023-02-10
usa,467016,10134,2023-02-10 05:32:15.183,2023-02-10
usa,467017,10134,2023-02-10 05:32:37.342,2023-02-10
usa,467018,10134,2023-02-10 05:31:58.154,2023-02-10
usa,467019,10134,2023-02-10 05:32:16.375,2023-02-10
usa,467020,10134,2023-02-10 05:32:24.330,2023-02-10
usa,467021,10134,2023-02-10 05:31:59.219,2023-02-10
usa,467022,10134,2023-02-10 05:33:16.927,2023-02-10
usa,467023,10134,2023-02-10 05:32:00.297,2023-02-10
usa,467025,10134,2023-02-10 05:33:18.109,2023-02-10
usa,467026,10134,2023-02-10 06:41:13.305,2023-02-10
usa,467027,10134,2023-02-10 05:32:39.820,2023-02-10
usa,467028,10134,2023-02-10 05:32:41.011,2023-02-10
usa,467029,10134,2023-02-10 05:32:17.503,2023-02-10
usa,467030,10134,2023-02-10 05:32:18.920,2023-02-10
usa,467031,10134,2023-02-10 05:32:20.181,2023-02-10
usa,467032,10134,2023-02-10 05:32:21.632,2023-02-10
usa,467033,10134,2023-02-10 05:32:23.075,2023-02-10
usa,467037,10134,2023-02-10 05:32:57.068,2023-02-10
usa,467038,10134,2023-02-10 05:31:53.517,2023-02-10
usa,467040,10134,2023-02-10 05:32:42.176,2023-02-10
usa,467041,10134,2023-02-10 05:32:26.744,2023-02-10
usa,467042,10134,2023-02-10 05:32:27.862,2023-02-10
usa,467043,10134,2023-02-10 05:32:02.088,2023-02-10
usa,467045,10134,2023-02-10 05:31:51.246,2023-02-10
usa,467048,10134,2023-02-10 05:32:43.366,2023-02-10
usa,467049,10134,2023-02-10 05:32:29.020,2023-02-10
usa,467050,10134,2023-02-10 07:48:50.998,2023-02-10
usa,467051,10134,2023-02-10 05:32:58.254,2023-02-10
usa,467052,10134,2023-02-10 05:32:59.466,2023-02-10
usa,467053,10134,2023-02-10 05:33:00.612,2023-02-10
usa,467054,10134,2023-02-10 06:40:26.737,2023-02-10
usa,467055,10134,2023-02-10 05:33:20.479,2023-02-10
usa,467056,10134,2023-02-10 05:33:34.962,2023-02-10
usa,467057,10134,2023-02-10 05:31:52.348,2023-02-10
usa,467058,10134,2023-02-10 05:32:30.206,2023-02-10
usa,467059,10134,2023-02-10 05:32:31.372,2023-02-10
usa,467060,10134,2023-02-10 05:33:01.995,2023-02-10
usa,467061,10134,2023-02-10 05:32:45.755,2023-02-10
usa,467063,10134,2023-02-10 05:32:32.580,2023-02-10
usa,467064,10134,2023-02-10 05:47:11.981,2023-02-10
usa,467065,10134,2023-02-10 05:33:03.931,2023-02-10
usa,467066,10134,2023-02-10 05:32:46.985,2023-02-10
usa,467067,10134,2023-02-10 05:32:48.131,2023-02-10
usa,467068,10134,2023-02-10 05:31:40.838,2023-02-10
usa,467069,10134,2023-02-10 05:31:41.913,2023-02-10
usa,467070,10134,2023-02-10 05:31:45.805,2023-02-10
usa,467071,10134,2023-02-10 05:31:47.101,2023-02-10
usa,467072,10134,2023-02-10 05:33:05.953,2023-02-10
usa,467073,10134,2023-02-10 05:32:05.484,2023-02-10
usa,467074,10134,2023-02-10 05:32:07.712,2023-02-10
usa,467077,10135,2023-02-10 05:32:09.065,2023-02-10
usa,467078,10134,2023-02-10 05:32:49.348,2023-02-10
usa,467079,10134,2023-02-10 05:32:51.076,2023-02-10
usa,467080,10134,2023-02-10 05:33:22.853,2023-02-10
usa,467081,10134,2023-02-10 05:32:10.348,2023-02-10
usa,467082,10134,2023-02-10 05:31:34.534,2023-02-10
usa,467083,10134,2023-02-10 05:33:36.422,2023-02-10
usa,467084,10134,2023-02-10 05:33:38.113,2023-02-10
usa,467085,10134,2023-02-10 05:33:39.356,2023-02-10
usa,467086,10134,2023-02-10 07:24:30.035,2023-02-10
usa,467087,10134,2023-02-10 05:33:09.431,2023-02-10
usa,467088,10134,2023-02-10 06:43:08.756,2023-02-10
usa,467089,10134,2023-02-10 07:49:28.124,2023-02-10
usa,467090,10134,2023-02-10 05:32:11.745,2023-02-10
usa,467091,10135,2023-02-10 05:33:41.828,2023-02-10
usa,467092,10134,2023-02-10 05:49:10.315,2023-02-10
usa,467093,10134,2023-02-10 05:33:24.128,2023-02-10
usa,467094,10134,2023-02-10 05:32:13.220,2023-02-10
usa,467095,10134,2023-02-10 05:33:25.798,2023-02-10
usa,467096,10134,2023-02-10 05:33:12.065,2023-02-10
usa,467097,10134,2023-02-10 05:33:27.161,2023-02-10
usa,467098,10134,2023-02-10 05:33:43.076,2023-02-10
usa,468002,9203,2023-02-10 00:59:27.340,2023-02-10
usa,468003,9203,2023-02-10 00:59:29.353,2023-02-10
usa,468004,9203,2023-02-10 07:42:11.070,2023-02-10
usa,468005,9203,2023-02-10 00:59:32.900,2023-02-10
usa,468007,9203,2023-02-10 00:59:34.707,2023-02-10
usa,468008,9203,2023-02-10 00:59:36.479,2023-02-10
usa,468009,9203,2023-02-10 00:59:38.269,2023-02-10
usa,468010,9203,2023-02-10 00:59:39.587,2023-02-10
usa,468011,9203,2023-02-10 00:59:41.333,2023-02-10
usa,468013,9203,2023-02-10 00:59:44.645,2023-02-10
usa,468015,9203,2023-02-10 00:59:48.198,2023-02-10
usa,468016,9203,2023-02-10 00:59:49.561,2023-02-10
usa,468017,9203,2023-02-10 00:59:52.049,2023-02-10
usa,468018,9203,2023-02-10 07:49:12.698,2023-02-10
usa,468019,9203,2023-02-10 00:59:55.674,2023-02-10
usa,468020,9203,2023-02-10 00:59:57.310,2023-02-10
usa,468021,9203,2023-02-10 00:59:58.694,2023-02-10
usa,468023,9203,2023-02-10 01:00:02.572,2023-02-10
usa,468024,9203,2023-02-10 07:02:20.599,2023-02-10
usa,468025,9203,2023-02-10 07:52:17.447,2023-02-10
usa,468026,9203,2023-02-10 07:32:17.350,2023-02-10
usa,468027,9203,2023-02-10 07:52:19.223,2023-02-10
usa,468028,9203,2023-02-10 01:00:13.722,2023-02-10
usa,468031,9203,2023-02-10 01:00:17.482,2023-02-10
usa,468034,9203,2023-02-10 01:00:22.202,2023-02-10
usa,468036,9203,2023-02-10 01:00:24.006,2023-02-10
usa,468037,9203,2023-02-10 01:00:25.617,2023-02-10
usa,468038,9203,2023-02-10 01:00:26.957,2023-02-10
usa,468039,9203,2023-02-10 01:00:28.333,2023-02-10
usa,468040,9203,2023-02-10 01:00:29.827,2023-02-10
usa,468042,9203,2023-02-10 07:21:20.401,2023-02-10
usa,468044,9203,2023-02-10 07:41:09.240,2023-02-10
usa,468045,9203,2023-02-10 01:00:36.700,2023-02-10
usa,468046,9203,2023-02-10 01:00:38.189,2023-02-10
usa,468047,9203,2023-02-10 01:00:39.576,2023-02-10
usa,468048,9203,2023-02-10 01:00:40.976,2023-02-10
usa,468049,9203,2023-02-10 01:00:44.558,2023-02-10
usa,468050,9203,2023-02-10 01:00:46.007,2023-02-10
usa,468051,9203,2023-02-10 07:17:13.246,2023-02-10
usa,468054,9203,2023-02-10 01:00:53.124,2023-02-10
usa,468056,9203,2023-02-10 01:00:55.803,2023-02-10
usa,468058,9203,2023-02-10 01:00:58.762,2023-02-10
usa,468059,9203,2023-02-10 07:01:02.863,2023-02-10
usa,468060,9203,2023-02-10 06:02:08.740,2023-02-10
usa,468061,9203,2023-02-10 07:59:15.595,2023-02-10
usa,468062,9203,2023-02-10 01:01:05.313,2023-02-10
usa,468063,9203,2023-02-10 01:01:07.249,2023-02-10
usa,468064,9203,2023-02-10 01:01:12.691,2023-02-10
usa,468065,9203,2023-02-10 07:41:12.333,2023-02-10
usa,468066,9203,2023-02-10 01:01:15.671,2023-02-10
usa,468067,9203,2023-02-10 07:38:50.228,2023-02-10
usa,468068,9203,2023-02-10 01:01:18.929,2023-02-10
usa,468070,9203,2023-02-10 01:01:20.352,2023-02-10
usa,468073,9203,2023-02-10 01:01:24.009,2023-02-10
usa,468076,9203,2023-02-10 01:01:29.448,2023-02-10
usa,468077,9203,2023-02-10 01:01:31.989,2023-02-10
usa,468080,9203,2023-02-10 01:01:36.994,2023-02-10
usa,468083,9203,2023-02-10 01:01:39.498,2023-02-10
usa,468084,9203,2023-02-10 01:01:41.171,2023-02-10
usa,468086,9203,2023-02-10 01:01:44.460,2023-02-10
usa,468089,9203,2023-02-10 01:01:47.750,2023-02-10
usa,468090,9203,2023-02-10 01:01:49.165,2023-02-10
usa,468091,9203,2023-02-10 01:01:51.631,2023-02-10
usa,468092,9203,2023-02-10 01:01:53.169,2023-02-10
usa,468093,9203,2023-02-10 01:01:55.494,2023-02-10
usa,468096,9203,2023-02-10 01:02:00.242,2023-02-10
usa,469061,8728,2023-02-10 07:52:12.609,2023-02-10
usa,469073,8728,2023-02-10 07:00:55.731,2023-02-10
usa,470070,10925,2023-02-10 01:02:28.452,2023-02-10
usa,482028,11431,2023-02-10 01:21:38.607,2023-02-10
usa,482077,11432,2023-02-10 01:21:58.501,2023-02-10
usa,472058,12594,2023-02-10 01:02:54.420,2023-02-10
usa,472082,8899,2023-02-10 01:02:55.503,2023-02-10
usa,472084,8899,2023-02-10 01:03:00.372,2023-02-10
usa,473001,11933,2023-02-10 01:03:15.792,2023-02-10
usa,473002,11933,2023-02-10 01:03:19.032,2023-02-10
usa,473003,11933,2023-02-10 05:12:30.444,2023-02-10
usa,473004,11933,2023-02-10 07:32:41.649,2023-02-10
usa,473005,11933,2023-02-10 01:04:48.947,2023-02-10
usa,473006,11933,2023-02-10 01:03:58.090,2023-02-10
usa,473007,11933,2023-02-10 01:04:16.801,2023-02-10
usa,473008,11933,2023-02-10 01:04:37.712,2023-02-10
usa,473009,11933,2023-02-10 01:04:18.149,2023-02-10
usa,473010,11933,2023-02-10 01:05:04.407,2023-02-10
usa,473011,11933,2023-02-10 01:03:43.437,2023-02-10
usa,473012,11933,2023-02-10 01:04:04.058,2023-02-10
usa,473013,11933,2023-02-10 01:05:06.292,2023-02-10
usa,473014,11933,2023-02-10 01:04:50.219,2023-02-10
usa,473015,11933,2023-02-10 01:04:51.907,2023-02-10
usa,473016,11933,2023-02-10 06:30:28.862,2023-02-10
usa,473017,11933,2023-02-10 01:05:07.546,2023-02-10
usa,473018,11933,2023-02-10 01:05:09.172,2023-02-10
usa,473019,11933,2023-02-10 01:03:30.786,2023-02-10
usa,473020,11933,2023-02-10 01:05:10.440,2023-02-10
usa,473021,11933,2023-02-10 01:05:11.689,2023-02-10
usa,473022,11933,2023-02-10 01:05:13.067,2023-02-10
usa,473023,11933,2023-02-10 01:05:14.407,2023-02-10
usa,473024,11933,2023-02-10 05:12:36.396,2023-02-10
usa,473025,11933,2023-02-10 06:47:10.388,2023-02-10
usa,473027,11933,2023-02-10 01:05:17.575,2023-02-10
usa,473028,11933,2023-02-10 01:05:18.812,2023-02-10
usa,473029,11933,2023-02-10 01:03:27.884,2023-02-10
usa,473030,11933,2023-02-10 01:05:20.046,2023-02-10
usa,473031,11933,2023-02-10 01:03:29.484,2023-02-10
usa,473032,11933,2023-02-10 01:04:05.489,2023-02-10
usa,473033,11933,2023-02-10 01:04:07.294,2023-02-10
usa,473034,11933,2023-02-10 06:41:11.611,2023-02-10
usa,473035,11933,2023-02-10 01:05:21.374,2023-02-10
usa,473036,11933,2023-02-10 01:04:39.237,2023-02-10
usa,473037,11933,2023-02-10 01:05:22.729,2023-02-10
usa,473038,11933,2023-02-10 05:02:11.575,2023-02-10
usa,473039,11933,2023-02-10 07:40:31.774,2023-02-10
usa,473040,11933,2023-02-10 06:40:24.877,2023-02-10
usa,473041,11933,2023-02-10 05:04:09.193,2023-02-10
usa,473042,11933,2023-02-10 07:32:45.324,2023-02-10
usa,473043,11933,2023-02-10 01:03:17.409,2023-02-10
usa,473044,11933,2023-02-10 01:03:32.321,2023-02-10
usa,473045,11933,2023-02-10 01:04:10.369,2023-02-10
usa,473046,11933,2023-02-10 01:04:28.002,2023-02-10
usa,473047,11933,2023-02-10 01:03:47.552,2023-02-10
usa,473048,11933,2023-02-10 01:03:33.654,2023-02-10
usa,473049,11933,2023-02-10 04:32:10.239,2023-02-10
usa,473050,11933,2023-02-10 01:05:27.882,2023-02-10
usa,473051,11933,2023-02-10 01:03:35.104,2023-02-10
usa,473052,11933,2023-02-10 01:04:42.799,2023-02-10
usa,473053,11933,2023-02-10 01:04:44.396,2023-02-10
usa,473054,11933,2023-02-10 01:03:49.048,2023-02-10
usa,473055,11933,2023-02-10 01:05:29.143,2023-02-10
usa,473056,11933,2023-02-10 01:05:30.398,2023-02-10
usa,473057,11933,2023-02-10 01:04:29.349,2023-02-10
usa,473058,11933,2023-02-10 01:04:30.846,2023-02-10
usa,473059,11933,2023-02-10 01:04:20.991,2023-02-10
usa,473060,11933,2023-02-10 01:05:26.483,2023-02-10
usa,473061,11933,2023-02-10 06:36:15.961,2023-02-10
usa,473062,11933,2023-02-10 01:04:22.453,2023-02-10
usa,473063,11933,2023-02-10 01:04:23.730,2023-02-10
usa,473064,11934,2023-02-10 01:04:36.391,2023-02-10
usa,473065,11933,2023-02-10 01:03:50.509,2023-02-10
usa,473066,11933,2023-02-10 01:04:45.663,2023-02-10
usa,473067,11933,2023-02-10 01:04:55.790,2023-02-10
usa,473068,11933,2023-02-10 01:04:01.149,2023-02-10
usa,473069,11933,2023-02-10 01:03:36.416,2023-02-10
usa,473070,11933,2023-02-10 01:04:32.143,2023-02-10
usa,473071,11933,2023-02-10 01:04:33.622,2023-02-10
usa,473072,11933,2023-02-10 01:05:31.637,2023-02-10
usa,473073,11933,2023-02-10 01:05:32.969,2023-02-10
usa,473074,11933,2023-02-10 01:04:25.256,2023-02-10
usa,473075,11933,2023-02-10 01:05:34.266,2023-02-10
usa,473076,11933,2023-02-10 01:03:52.021,2023-02-10
usa,473078,11933,2023-02-10 01:05:35.500,2023-02-10
usa,473079,11933,2023-02-10 01:05:36.755,2023-02-10
usa,473080,11933,2023-02-10 01:04:57.653,2023-02-10
usa,473081,11933,2023-02-10 01:05:38.121,2023-02-10
usa,473083,11933,2023-02-10 01:05:39.369,2023-02-10
usa,473086,11933,2023-02-10 01:05:43.243,2023-02-10
usa,473088,11933,2023-02-10 01:05:41.906,2023-02-10
usa,473089,11933,2023-02-10 01:05:44.596,2023-02-10
usa,473090,11933,2023-02-10 01:04:59.224,2023-02-10
usa,473091,11933,2023-02-10 01:03:53.562,2023-02-10
usa,473092,11933,2023-02-10 01:46:19.257,2023-02-10
usa,473093,11933,2023-02-10 01:04:34.925,2023-02-10
usa,473095,11933,2023-02-10 01:03:40.637,2023-02-10
usa,473096,11933,2023-02-10 01:05:45.855,2023-02-10
usa,473097,11933,2023-02-10 01:03:37.869,2023-02-10
usa,473098,11933,2023-02-10 01:03:39.147,2023-02-10
usa,473101,11933,2023-02-10 01:05:47.096,2023-02-10
usa,473103,11933,2023-02-10 01:03:41.915,2023-02-10
usa,473104,11933,2023-02-10 01:04:13.638,2023-02-10
usa,473105,11933,2023-02-10 01:05:01.073,2023-02-10
usa,473106,11933,2023-02-10 01:05:48.781,2023-02-10
usa,473110,11933,2023-02-10 01:04:47.419,2023-02-10
usa,473113,11933,2023-02-10 01:03:56.565,2023-02-10
usa,474001,16399,2023-02-10 07:04:29.441,2023-02-10
usa,474159,16399,2023-02-10 07:04:20.833,2023-02-10
usa,475001,12822,2023-02-10 01:06:32.463,2023-02-10
usa,475002,12822,2023-02-10 01:06:37.861,2023-02-10
usa,475004,12822,2023-02-10 01:06:39.228,2023-02-10
usa,475005,12822,2023-02-10 01:06:40.760,2023-02-10
usa,475006,12822,2023-02-10 01:06:42.153,2023-02-10
usa,475007,12822,2023-02-10 01:06:43.737,2023-02-10
usa,475009,12822,2023-02-10 01:06:45.135,2023-02-10
usa,475010,12822,2023-02-10 01:06:46.761,2023-02-10
usa,475011,12822,2023-02-10 01:06:48.144,2023-02-10
usa,475012,12822,2023-02-10 01:06:49.689,2023-02-10
usa,475013,12822,2023-02-10 07:40:52.104,2023-02-10
usa,475014,12822,2023-02-10 01:06:52.636,2023-02-10
usa,475015,12822,2023-02-10 01:06:53.991,2023-02-10
usa,475016,12822,2023-02-10 01:06:34.823,2023-02-10
usa,475017,12822,2023-02-10 01:06:55.359,2023-02-10
usa,475018,12822,2023-02-10 01:06:56.937,2023-02-10
usa,475019,12822,2023-02-10 01:06:58.315,2023-02-10
usa,475020,12822,2023-02-10 01:06:59.860,2023-02-10
usa,475021,12822,2023-02-10 01:07:01.477,2023-02-10
usa,475022,12822,2023-02-10 01:07:03.685,2023-02-10
usa,475023,12822,2023-02-10 01:07:05.593,2023-02-10
usa,475024,12822,2023-02-10 01:07:11.002,2023-02-10
usa,475025,12822,2023-02-10 01:07:12.698,2023-02-10
usa,475026,12822,2023-02-10 01:07:14.311,2023-02-10
usa,475027,12822,2023-02-10 01:07:15.787,2023-02-10
usa,475028,12822,2023-02-10 04:50:20.898,2023-02-10
usa,475029,12822,2023-02-10 01:07:18.815,2023-02-10
usa,475030,12822,2023-02-10 01:07:20.407,2023-02-10
usa,475031,12822,2023-02-10 01:07:21.988,2023-02-10
usa,475032,12822,2023-02-10 01:07:23.387,2023-02-10
usa,475033,12822,2023-02-10 01:07:24.954,2023-02-10
usa,475034,12822,2023-02-10 01:07:26.476,2023-02-10
usa,475035,12822,2023-02-10 01:07:27.906,2023-02-10
usa,475036,12822,2023-02-10 01:07:29.497,2023-02-10
usa,475037,12822,2023-02-10 01:07:30.892,2023-02-10
usa,475038,12822,2023-02-10 01:07:32.255,2023-02-10
usa,475040,12822,2023-02-10 01:07:34.876,2023-02-10
usa,475041,12822,2023-02-10 01:07:36.528,2023-02-10
usa,475042,12822,2023-02-10 01:07:37.934,2023-02-10
usa,475043,12822,2023-02-10 01:07:39.386,2023-02-10
usa,475044,12822,2023-02-10 01:07:40.883,2023-02-10
usa,475045,12822,2023-02-10 01:07:42.254,2023-02-10
usa,475046,12822,2023-02-10 01:07:43.825,2023-02-10
usa,475047,12822,2023-02-10 01:07:45.237,2023-02-10
usa,475048,12822,2023-02-10 01:07:46.669,2023-02-10
usa,475049,12822,2023-02-10 01:07:48.346,2023-02-10
usa,475050,12822,2023-02-10 01:07:49.740,2023-02-10
usa,475051,12822,2023-02-10 01:07:51.242,2023-02-10
usa,475052,12822,2023-02-10 07:50:24.212,2023-02-10
usa,475053,12822,2023-02-10 01:07:54.231,2023-02-10
usa,475054,12822,2023-02-10 01:07:55.676,2023-02-10
usa,475055,12822,2023-02-10 01:07:57.030,2023-02-10
usa,475056,12822,2023-02-10 01:06:36.439,2023-02-10
usa,475057,12822,2023-02-10 07:23:20.644,2023-02-10
usa,475058,12822,2023-02-10 07:33:18.702,2023-02-10
usa,475059,12822,2023-02-10 01:08:01.631,2023-02-10
usa,475060,12822,2023-02-10 01:08:04.608,2023-02-10
usa,475061,12822,2023-02-10 01:08:06.642,2023-02-10
usa,475062,12822,2023-02-10 01:08:08.715,2023-02-10
usa,475063,12822,2023-02-10 01:08:10.593,2023-02-10
usa,475064,12822,2023-02-10 01:08:12.388,2023-02-10
usa,475065,12822,2023-02-10 01:08:14.159,2023-02-10
usa,475066,12822,2023-02-10 01:08:15.552,2023-02-10
usa,475067,12822,2023-02-10 01:08:17.037,2023-02-10
usa,482090,16588,2023-02-10 01:22:03.610,2023-02-10
usa,446010,9985,2023-02-10 01:30:22.034,2023-02-10
usa,446107,9985,2023-02-10 01:32:33.644,2023-02-10
usa,463079,11014,2021-10-18 08:01:20.733,2021-10-18
usa,467039,10134,2023-02-10 07:32:36.224,2023-02-10
usa,467046,10134,2023-02-10 05:32:03.589,2023-02-10
usa,467105,10134,2023-02-10 05:32:33.722,2023-02-10
usa,468014,9203,2023-02-10 00:59:46.451,2023-02-10
usa,473112,11933,2023-02-10 01:04:15.436,2023-02-10
usa,473114,11933,2023-02-10 01:03:54.986,2023-02-10
usa,473118,11933,2023-02-10 01:05:52.928,2023-02-10
usa,475068,12822,2023-02-10 01:08:18.648,2023-02-10
usa,475069,12822,2023-02-10 01:08:20.271,2023-02-10
usa,475070,12822,2023-02-10 01:08:21.903,2023-02-10
usa,475071,12822,2023-02-10 01:08:23.563,2023-02-10
usa,475072,12822,2023-02-10 01:08:25.141,2023-02-10
usa,475073,12822,2023-02-10 01:08:26.916,2023-02-10
usa,475074,12822,2023-02-10 01:08:28.302,2023-02-10
usa,475075,12822,2023-02-10 01:08:29.975,2023-02-10
usa,475077,12822,2023-02-10 01:08:32.965,2023-02-10
usa,475078,12822,2023-02-10 01:08:34.573,2023-02-10
usa,475079,12822,2023-02-10 01:08:35.990,2023-02-10
usa,475080,12822,2023-02-10 01:08:37.570,2023-02-10
usa,475081,12822,2023-02-10 01:08:39.328,2023-02-10
usa,475082,12822,2023-02-10 01:08:41.025,2023-02-10
usa,475083,12822,2023-02-10 01:08:42.711,2023-02-10
usa,475084,12822,2023-02-10 01:08:44.439,2023-02-10
usa,475085,12822,2023-02-10 01:08:46.177,2023-02-10
usa,475086,12822,2023-02-10 01:08:47.851,2023-02-10
usa,475087,12822,2023-02-10 01:08:49.664,2023-02-10
usa,475089,12822,2023-02-10 01:08:52.908,2023-02-10
usa,475090,12822,2023-02-10 01:08:54.318,2023-02-10
usa,475091,12822,2023-02-10 01:08:55.892,2023-02-10
usa,475093,12822,2023-02-10 01:08:57.360,2023-02-10
usa,475094,12822,2023-02-10 01:08:58.910,2023-02-10
usa,475095,12822,2023-02-10 01:09:00.629,2023-02-10
usa,475096,12822,2023-02-10 01:09:02.751,2023-02-10
usa,475097,12822,2023-02-10 01:09:04.904,2023-02-10
usa,475101,12822,2023-02-10 01:09:07.111,2023-02-10
usa,475102,12822,2023-02-10 01:09:08.964,2023-02-10
usa,475104,12822,2023-02-10 01:09:12.560,2023-02-10
usa,475126,12822,2023-02-10 01:09:14.299,2023-02-10
usa,478001,15350,2023-02-10 01:52:06.488,2023-02-10
usa,478002,15350,2023-02-10 01:52:11.190,2023-02-10
usa,478003,15350,2023-02-10 01:52:13.359,2023-02-10
usa,478004,15350,2023-02-10 05:55:17.658,2023-02-10
usa,478005,15350,2023-02-10 01:52:17.540,2023-02-10
usa,478006,15350,2023-02-10 01:52:19.435,2023-02-10
usa,478007,15350,2023-02-10 01:52:21.235,2023-02-10
usa,478008,15350,2023-02-10 01:52:22.981,2023-02-10
usa,478009,15350,2023-02-10 01:52:24.865,2023-02-10
usa,478010,15350,2023-02-10 01:52:26.865,2023-02-10
usa,478011,15350,2023-02-10 01:52:29.088,2023-02-10
usa,478012,15350,2023-02-10 01:52:31.168,2023-02-10
usa,478013,15350,2023-02-10 01:52:33.017,2023-02-10
usa,478014,15350,2023-02-10 01:52:34.761,2023-02-10
usa,478015,15350,2023-02-10 01:52:36.308,2023-02-10
usa,478016,15350,2023-02-10 01:52:38.029,2023-02-10
usa,478017,15350,2023-02-10 01:52:39.775,2023-02-10
usa,478018,15350,2023-02-10 01:52:41.412,2023-02-10
usa,478019,15350,2023-02-10 01:52:43.052,2023-02-10
usa,478020,15350,2023-02-10 01:52:44.834,2023-02-10
usa,478021,15350,2023-02-10 01:52:46.660,2023-02-10
usa,478022,15350,2023-02-10 01:52:48.251,2023-02-10
usa,478025,15350,2023-02-10 01:52:50.124,2023-02-10
usa,478030,15350,2023-02-10 01:52:56.951,2023-02-10
usa,478031,15350,2023-02-10 01:52:58.563,2023-02-10
usa,478032,15350,2023-02-10 01:53:00.090,2023-02-10
usa,478034,15350,2023-02-10 01:53:04.343,2023-02-10
usa,478035,15350,2023-02-10 01:53:10.171,2023-02-10
usa,478036,15350,2023-02-10 01:53:12.315,2023-02-10
usa,478037,15350,2023-02-10 01:53:14.840,2023-02-10
usa,478038,15350,2023-02-10 01:53:16.700,2023-02-10
usa,478039,15350,2023-02-10 01:53:18.291,2023-02-10
usa,478052,15351,2023-02-10 01:53:22.152,2023-02-10
usa,478053,15350,2023-02-10 01:53:24.053,2023-02-10
usa,478055,15350,2023-02-10 01:53:25.876,2023-02-10
usa,478056,15350,2023-02-10 01:53:27.525,2023-02-10
usa,478058,15350,2023-02-10 01:53:29.769,2023-02-10
usa,478059,15350,2023-02-10 01:53:31.828,2023-02-10
usa,478060,15350,2023-02-10 01:53:33.632,2023-02-10
usa,478062,15350,2023-02-10 01:53:35.462,2023-02-10
usa,478063,15350,2023-02-10 01:53:37.272,2023-02-10
usa,478064,15350,2023-02-10 01:53:39.087,2023-02-10
usa,478066,15350,2023-02-10 01:53:41.057,2023-02-10
usa,478068,15350,2023-02-10 01:52:09.152,2023-02-10
usa,478073,15350,2023-02-10 01:53:43.002,2023-02-10
usa,478076,15350,2023-02-10 01:53:46.421,2023-02-10
usa,478077,15350,2023-02-10 01:53:48.129,2023-02-10
usa,478078,15350,2023-02-10 01:53:49.940,2023-02-10
usa,478088,15350,2023-02-10 01:53:55.247,2023-02-10
usa,478095,15350,2023-02-10 01:53:57.306,2023-02-10
usa,478097,15350,2023-02-10 01:54:01.771,2023-02-10
usa,479001,19364,2023-02-10 01:13:18.472,2023-02-10
usa,479002,19364,2023-02-10 01:13:29.016,2023-02-10
usa,479004,19364,2023-02-10 01:13:31.610,2023-02-10
usa,479005,19364,2023-02-10 01:13:34.298,2023-02-10
usa,479006,19364,2023-02-10 01:13:37.243,2023-02-10
usa,479007,19364,2023-02-10 01:13:39.447,2023-02-10
usa,479009,19364,2023-02-10 01:13:41.652,2023-02-10
usa,479010,19364,2023-02-10 01:13:43.895,2023-02-10
usa,479011,19364,2023-02-10 03:18:11.670,2023-02-10
usa,479013,19364,2023-02-10 01:13:48.477,2023-02-10
usa,479014,19364,2023-02-10 01:13:50.746,2023-02-10
usa,479018,19364,2023-02-10 01:13:57.797,2023-02-10
usa,479019,19364,2023-02-10 01:14:00.440,2023-02-10
usa,479020,19364,2023-02-10 01:14:06.478,2023-02-10
usa,479021,19364,2023-02-10 01:14:10.526,2023-02-10
usa,479022,19364,2023-02-10 01:14:13.515,2023-02-10
usa,479024,19364,2023-02-10 01:14:15.983,2023-02-10
usa,479027,19364,2023-02-10 01:14:19.813,2023-02-10
usa,479028,19364,2023-02-10 01:14:24.147,2023-02-10
usa,479029,19364,2023-02-10 01:14:27.292,2023-02-10
usa,479032,19364,2023-02-10 01:14:30.282,2023-02-10
usa,479033,19364,2023-02-10 01:14:32.920,2023-02-10
usa,479034,19364,2023-02-10 01:20:42.441,2023-02-10
usa,479039,19364,2023-02-10 01:14:40.331,2023-02-10
usa,479040,19364,2023-02-10 01:14:46.058,2023-02-10
usa,479044,19364,2023-02-10 01:14:56.544,2023-02-10
usa,479045,19364,2023-02-10 01:14:52.851,2023-02-10
usa,479046,19364,2023-02-10 01:15:05.036,2023-02-10
usa,479047,19364,2023-02-10 03:18:56.515,2023-02-10
usa,479049,19364,2023-02-10 01:15:18.499,2023-02-10
usa,479050,19364,2023-02-10 01:15:22.421,2023-02-10
usa,479052,19364,2023-02-10 01:15:27.061,2023-02-10
usa,479055,19364,2023-02-10 01:15:31.307,2023-02-10
usa,479056,19364,2023-02-10 01:15:35.499,2023-02-10
usa,479057,19364,2023-02-10 01:15:39.444,2023-02-10
usa,479059,19364,2023-02-10 01:15:44.933,2023-02-10
usa,479061,19364,2023-02-10 01:15:50.314,2023-02-10
usa,479062,19364,2023-02-10 01:15:53.499,2023-02-10
usa,479063,19364,2023-02-10 03:19:19.636,2023-02-10
usa,479064,19364,2023-02-10 01:15:59.718,2023-02-10
usa,479068,19364,2023-02-10 01:16:10.484,2023-02-10
usa,479069,19364,2023-02-10 01:16:17.690,2023-02-10
usa,479070,19364,2023-02-10 01:16:21.410,2023-02-10
usa,479071,19364,2023-02-10 01:16:25.624,2023-02-10
usa,479072,19364,2023-02-10 01:16:29.919,2023-02-10
usa,479073,19364,2023-02-10 01:16:33.077,2023-02-10
usa,479075,19364,2023-02-10 01:16:40.693,2023-02-10
usa,479077,19364,2023-02-10 01:16:43.007,2023-02-10
usa,479078,19364,2023-02-10 01:16:49.112,2023-02-10
usa,479079,19364,2023-02-10 01:16:52.295,2023-02-10
usa,479080,19364,2023-02-10 01:16:55.174,2023-02-10
usa,479081,19364,2023-02-10 01:16:58.282,2023-02-10
usa,479085,19364,2023-02-10 01:17:08.023,2023-02-10
usa,479087,19364,2023-02-10 01:17:13.510,2023-02-10
usa,479088,19364,2023-02-10 01:17:20.868,2023-02-10
usa,479089,19364,2023-02-10 01:17:24.057,2023-02-10
usa,479090,19364,2023-02-10 01:17:27.185,2023-02-10
usa,479091,19364,2023-02-10 03:20:00.282,2023-02-10
usa,479092,19364,2023-02-10 01:17:32.866,2023-02-10
usa,479093,19364,2023-02-10 01:17:35.852,2023-02-10
usa,479094,19364,2023-02-10 01:17:38.521,2023-02-10
usa,479095,19364,2023-02-10 01:17:41.960,2023-02-10
usa,479096,19364,2023-02-10 01:17:45.472,2023-02-10
usa,479097,19364,2023-02-10 01:17:48.616,2023-02-10
usa,479098,19364,2023-02-10 01:17:53.589,2023-02-10
usa,479101,19364,2023-02-10 01:17:57.482,2023-02-10
usa,479104,19364,2023-02-10 01:18:00.969,2023-02-10
usa,479108,19364,2023-02-10 01:18:06.736,2023-02-10
usa,479109,19364,2023-02-10 01:18:10.738,2023-02-10
usa,479110,19364,2023-02-10 01:18:19.467,2023-02-10
usa,479111,19364,2023-02-10 01:18:23.852,2023-02-10
usa,479112,19364,2023-02-10 01:18:26.735,2023-02-10
usa,479113,19364,2023-02-10 01:18:29.177,2023-02-10
usa,479114,19364,2023-02-10 01:18:31.840,2023-02-10
usa,479115,19364,2023-02-10 01:18:35.095,2023-02-10
usa,479116,19364,2023-02-10 01:18:37.695,2023-02-10
usa,479117,19364,2023-02-10 01:20:35.993,2023-02-10
usa,479118,19364,2023-02-10 01:18:41.297,2023-02-10
usa,479119,19364,2023-02-10 01:18:43.787,2023-02-10
usa,479127,19364,2023-02-10 01:18:59.308,2023-02-10
usa,479143,19364,2023-02-10 01:19:06.399,2023-02-10
usa,479144,19364,2023-02-10 01:19:09.679,2023-02-10
usa,479156,19364,2023-02-10 03:21:31.801,2023-02-10
usa,479160,19364,2023-02-10 03:21:37.454,2023-02-10
usa,479161,19364,2023-02-10 06:49:13.573,2023-02-10
usa,479165,19364,2023-02-10 03:21:45.120,2023-02-10
usa,479174,19364,2023-02-10 01:20:01.749,2023-02-10
usa,479198,19364,2023-02-10 01:20:29.508,2023-02-10
usa,479199,19364,2023-02-10 03:21:59.692,2023-02-10
usa,480002,13328,2023-02-10 01:21:04.279,2023-02-10
usa,480023,13328,2023-02-10 07:17:30.808,2023-02-10
usa,480025,13328,2023-02-10 01:21:12.217,2023-02-10
usa,480027,13328,2023-02-10 01:21:09.902,2023-02-10
usa,482003,10718,2023-02-10 01:21:31.668,2023-02-10
usa,482005,10718,2023-02-10 01:21:33.167,2023-02-10
usa,482007,10718,2023-02-10 01:21:35.172,2023-02-10
usa,482009,10718,2023-02-10 01:21:36.818,2023-02-10
usa,482095,16588,2023-02-10 07:57:09.294,2023-02-10
